{"initial_reset_timestamp": 1593547792.1669993, "timestamps": [1593547799.759248, 1593547803.2608542], "episode_lengths": [123, 200], "episode_rewards": [123.0, 200.0], "episode_types": ["t", "t"]}